Countries,count
United States,1277
United Kingdom,121
Hungary,59
Czech Republic,48
Spain,35
France,32
Canada,24
Russia,24
Australia,20
Italy,16
Romania,14
Germany,14
Brazil,11
Cuba,10
Colombia,10
Venezuela,9
Ukraine,8
Poland,8
Slovakia,7
Japan,6
Puerto Rico,6
Netherlands,5
Thailand,5
Dominican Republic,3
Argentina,3
Belgium,3
Panama,3
South Korea,3
Uruguay,2
Serbia,2
Mexico,2
China,2
New Zealand,2
Vietnam,2
Chile,1
Lithuania,1
Norway,1
Philippines,1
Singapore,1
Estonia,1
Ecuador,1
Switzerland,1
Honduras,1
Moldova,1
Bosnia,1
Israel,1
Denmark,1
Portugal,1
Albania,1
Peru,1
Kenya,1
Jamaica,1
Sweden,1
